Res. No,Guest,Room,Rate(RM),Arrival,Departure,Nights,Pax,Pick Up,Drop Off,Res.Type,Company,User,Deposit(RM),Balance Due(RM),Market Segment,Business Source,Meal Plan,Check In Remarks,House Keeping Remarks,Reservation Remarks,Reservation Preference,Rate Type
RES4433-1,Ms. GUEST A,C2 - Deluxe Room (Twin),"1,100.00",28/09/2026 03:00:00 PM,30/09/2026 12:00:00 PM,2,2 / 0, , ,Confirm Booking,,MANDY,0.00,"2,200.00",,Direct Booking,"Breakfast,Lunch,Tea Time,Dinner",,,,,Publish Rate Malaysian
RES4433-2,Mr. GUEST B,C7 - Deluxe Room(King),"1,100.00",28/09/2026 03:00:00 PM,30/09/2026 12:00:00 PM,2,2 / 0, , ,Confirm Booking,,MANDY,"8,800.00","-6,600.00",,Direct Booking,"Breakfast,Lunch,Tea Time,Dinner",,,,,Publish Rate Malaysian
RES4433-3,Mr. GUEST C,C3 - Deluxe Room(King),"1,100.00",28/09/2026 03:00:00 PM,30/09/2026 12:00:00 PM,2,2 / 0, , ,Confirm Booking,,MANDY,0.00,"2,200.00",,Direct Booking,"Breakfast,Lunch,Tea Time,Dinner",,,,,Publish Rate Malaysian
RES4433-4,Mr. GUEST D,C5 - Deluxe Room(King),"1,100.00",28/09/2026 03:00:00 PM,30/09/2026 12:00:00 PM,2,2 / 0, , ,Confirm Booking,,MANDY,0.00,"2,200.00",,Direct Booking,"Breakfast,Lunch,Tea Time,Dinner",,,,,Publish Rate Malaysian
RES4791,Ms. GUEST E,A7 - Deluxe Room (Super King),"1,300.00",28/09/2026 03:00:00 PM,30/09/2026 12:00:00 PM,2,2 / 0, , ,Confirm Booking,,MARY,"2,220.00",0.00,,ALPHA TRAVEL SDN BHD,"Breakfast,Lunch,Tea Time,Dinner",,,(1) BOAT IN : 1030 / BOAT OUT : 1430,,Agent Rate International
RES4694,Mr. GUEST F,A8 - Deluxe Room(King),"1,625.00",29/09/2026 03:00:00 PM,30/09/2026 12:00:00 PM,1,2 / 1, , ,Confirm Booking,,MANDY,"1,655.00",0.00,,BRAVO TOURS SDN. BHD.,"Breakfast,Lunch,Tea Time,Dinner",,,,,Agent Rate International
RES4721, GUEST G,C4 - Deluxe Room (Twin),"1,200.00",29/09/2026 03:00:00 PM,30/09/2026 12:00:00 PM,1,2 / 0, , ,Confirm Booking,,OTA,"1,200.00",0.00,,CTrip,,(1) INFO GUEST WE FREE UPGRADE THE ROOM TO DELUXE,,(1) Contact Person:- SAMPLE Phone Number:- +60000000000 Email :- sample@example.com Special Request:- Return Boat Transfer Service 2 ;Msia TTx has been collected and will be declared.,,Trip.com
RES4749,Mr. GUEST H,B8 - Standard Room (Twin),"1,500.00",29/09/2026 03:00:00 PM,30/09/2026 12:00:00 PM,1,2 / 1, , ,Confirm Booking,,PIKA,0.00,"1,530.00",,CHARLIE HOLIDAYS CO. LTD,"Breakfast,Lunch,Tea Time,Dinner",,,,,Agent Rate International
RES4789, GUEST W,A5 - Deluxe Room (Super King),"1,322.25",29/09/2026 03:00:00 PM,02/10/2026 12:00:00 PM,3,2 / 1, , ,Confirm Booking,,OTA,"4,478.57",0.00,,CTrip,,,,(1) Contact Person:- SAMPLE Phone Number:- +60000000000 Email :- sample@example.com Special Request:- Return Boat Transfer Service 2 ;Msia TTx has been collected and will be declared.,,Trip.com
RES4431, GUEST X,D1 - Standard Room (Family),"1,866.67",30/09/2026 03:00:00 PM,03/10/2026 12:00:00 PM,3,4 / 0, , ,Confirm Booking,,OTA,"7,200.01",0.00,,CTrip,,,,(1) Contact Person:- SAMPLE Phone Number:- +60000000000 Email :- sample@example.com Special Request:- Return Boat Transfer Service 2 ;Msia TTx has been collected and will be declared.,,Trip.com
RES4722, GUEST J,A7 - Deluxe Room (Super King),"1,300.00",30/09/2026 03:00:00 PM,01/10/2026 12:00:00 PM,1,2 / 0, , ,Confirm Booking,,OTA,"1,300.00",0.00,,CTrip,,,,(1) BOAT IN : 1030 / BOAT OUT : 1130,,Trip.com
RES4731, GUEST Y,A9 - Deluxe Room (Super King),"1,091.39",30/09/2026 03:00:00 PM,02/10/2026 12:00:00 PM,2,2 / 0, , ,Confirm Booking,,OTA,"2,579.64",0.00,,CTrip,,,,(1) Contact Person:- SAMPLE Phone Number:- +60000000000 Email :- sample@example.com Special Request:- Return Boat Transfer Service 2 ;Msia TTx has been collected and will be declared.,,Trip.com
RES4742,Ms. GUEST T,C5 - Deluxe Room(King),972.00,01/10/2026 03:00:00 PM,02/10/2026 12:00:00 PM,1,2 / 0, , ,Confirm Booking,,PIKA,992.00,0.00,,ECHO PERSON AGENT,"Breakfast,Lunch,Tea Time,Dinner",,,,,Agent Rate International
RES4740-1,Mr. GUEST K,C5 - Deluxe Room(King),800.00,02/10/2026 03:00:00 PM,04/10/2026 12:00:00 PM,2,2 / 0, , ,Confirm Booking,,MANDY,"3,240.00","-1,340.00",,ECHO PERSON AGENT,"Breakfast,Lunch,Tea Time,Dinner",,,(1) BOAT IN : 1800(CHARTER) / BOAT OUT : OWN BOAT,,Agent Rate International
RES4740-2,Mr. GUEST U,C3 - Deluxe Room(King),800.00,02/10/2026 03:00:00 PM,04/10/2026 12:00:00 PM,2,2 / 0, , ,Confirm Booking,,MANDY,0.00,"1,620.00",,ECHO PERSON AGENT,"Breakfast,Lunch,Tea Time,Dinner",,,(1) BOAT IN : 1800(CHARTER) / BOAT OUT : OWN BOAT,,Agent Rate International
RES4712-1,Mr. GUEST V,A8 - Deluxe Room(King),"1,215.00",03/10/2026 03:00:00 PM,04/10/2026 12:00:00 PM,1,2 / 1, , ,Confirm Booking,,MANDY,"4,474.00","-3,229.00",,ECHO PERSON AGENT,"Breakfast,Lunch,Tea Time,Dinner",,,"(1) BOAT IN : 1030
BOAT OUT : 1130",,Agent Rate International
RES4759-1,Mr. GUEST P,B8 - Standard Room (Twin),"1,600.00",03/10/2026 03:00:00 PM,05/10/2026 12:00:00 PM,2,2 / 0, , ,Confirm Booking,,MANDY,0.00,"3,220.00",,,"Breakfast,Lunch,Tea Time,Dinner",,,,,Agent Rate International
RES4759-2,Mr. GUEST P,B7 - Standard Room (Twin),"1,600.00",03/10/2026 03:00:00 PM,05/10/2026 12:00:00 PM,2,2 / 0, , ,Confirm Booking,,MANDY,0.00,"3,220.00",,,"Breakfast,Lunch,Tea Time,Dinner",,,,,Agent Rate International
RES4777-1,Mr. GUEST Q,A2 - Deluxe Room(King),"1,300.00",04/10/2026 03:00:00 PM,05/10/2026 12:00:00 PM,1,2 / 0, , ,Released,,MANDY,0.00,"1,320.00",,,"Breakfast,Lunch,Tea Time,Dinner",,,,,Agent Rate International
RES4777-2,Mr. GUEST Q,A6 - Deluxe Room(King),"1,300.00",04/10/2026 03:00:00 PM,05/10/2026 12:00:00 PM,1,2 / 0, , ,Released,,MANDY,0.00,"1,320.00",,,"Breakfast,Lunch,Tea Time,Dinner",,,,,Agent Rate International
RES4777-3,Mr. GUEST Q,A8 - Deluxe Room(King),"1,300.00",04/10/2026 03:00:00 PM,05/10/2026 12:00:00 PM,1,2 / 0, , ,Released,,MANDY,0.00,"1,320.00",,,"Breakfast,Lunch,Tea Time,Dinner",,,,,Agent Rate International
RES4771-2,Ms. GUEST R,B7 - Standard Room (Twin),972.00,05/10/2026 03:00:00 PM,06/10/2026 12:00:00 PM,1,2 / 0, , ,Hold Confirm Booking,,LINI,0.00,992.00,,ECHO PERSON AGENT,"Breakfast,Lunch,Tea Time,Dinner",,,,,Agent Rate International
RES4776,Ms. GUEST S,B7 - Standard Room (Twin),"1,100.00",07/10/2026 03:00:00 PM,08/10/2026 12:00:00 PM,1,2 / 0, , ,Hold Confirm Booking,,MARY,0.00,"1,120.00",,GOLF EXPEDITIONS SDN BHD,"Breakfast,Lunch,Tea Time,Dinner",,,,,Agent Rate International
RES4763-1,Mr. GUEST L,A2 - Deluxe Room(King),900.00,12/10/2026 03:00:00 PM,13/10/2026 12:00:00 PM,1,2 / 0, , ,Confirm Booking,,LINI,"9,885.00","-8,965.00",,FOXTROT VOYAGES SDN BHD,"Breakfast,Lunch,Tea Time,Dinner",,,"(1) BOAT IN TIME : OWN BOAT
BOAT OUT TIME : 0930",,Agent Rate Malaysian
RES4764,Ms. GUEST M,A5 - Deluxe Room (Super King),900.00,12/10/2026 03:00:00 PM,14/10/2026 12:00:00 PM,2,2 / 0, , ,Confirm Booking,,MARY,0.00,"1,820.00",,CHARLIE HOLIDAYS CO. LTD,"Breakfast,Lunch,Tea Time,Dinner",,,(1) BOAT IN : 15:30 / BOAT OUT 14:30,,Agent Rate International
RES4757-1,Ms. GUEST I,C2 - Deluxe Room (Twin),"1,200.00",13/10/2026 03:00:00 PM,14/10/2026 12:00:00 PM,1,2 / 0, , ,Confirm Booking,,MARY,"11,400.00","-10,200.00",,ZANE EXAMPLE,"Breakfast,Lunch,Tea Time,Dinner",,,(1) BOAT IN : OWN BOAT / BOAT OUT : OWN BOAT,,Agent Rate International
RES4757-2,Ms. GUEST N,C4 - Deluxe Room (Twin),"1,200.00",13/10/2026 03:00:00 PM,14/10/2026 12:00:00 PM,1,2 / 0, , ,Confirm Booking,,MARY,0.00,"1,200.00",,ZANE EXAMPLE,"Breakfast,Lunch,Tea Time,Dinner",,,(1) BOAT IN : OWN BOAT / BOAT OUT : OWN BOAT,,Agent Rate International
RES4757-3,Ms. GUEST O,C6 - Deluxe Room (Twin),"1,200.00",13/10/2026 03:00:00 PM,14/10/2026 12:00:00 PM,1,2 / 0, , ,Confirm Booking,,MARY,0.00,"1,200.00",,ZANE EXAMPLE,"Breakfast,Lunch,Tea Time,Dinner",,,(1) BOAT IN : OWN BOAT / BOAT OUT : OWN BOAT,,Agent Rate International
,,,,,,,,,,,,,,,,,,,,,,
Total Reservation,#(28),,,,,,999 / 9,,,,,,,,,,,,,,,
